<?xml version="1.0" encoding="UTF-8" standalone="yes" ?>
<FileZilla3>
    <Settings>
      <!-- Config Location：便携化配置保存当前目录Data（可修改任意名称或环境变量，一个点表示当前根目录） -->
      <Setting name="Config Location">Data/</Setting> 
      <!-- Kiosk mode：默认0，1-不保存主机密码，2-不保存任何设置（只读）-->
      <Setting name="Kiosk mode">0</Setting>
      <!-- Disable update check：关闭检查升级，1-不检查，0-自动升级。-->
      <Setting name="Disable update check">1</Setting>
    </Settings>
</FileZilla3>